{
    "prepare_queue": {
        "installed": [],
        "uninstalled": []
    },
    "config_munge": {
        "files": {
            "*-Info.plist": {
                "parents": {
                    "NSCameraUsageDescription": [
                        {
                            "xml": "<string>need camera access to take pictures</string>",
                            "count": 1,
                            "mode": "merge",
                            "id": "config.xml"
                        }
                    ],
                    "NSPhotoLibraryUsageDescription": [
                        {
                            "xml": "<string>need to photo library access to get pictures from there</string>",
                            "count": 1,
                            "mode": "merge",
                            "id": "config.xml"
                        }
                    ],
                    "NSLocationWhenInUseUsageDescription": [
                        {
                            "xml": "<string>need location access to find things nearby</string>",
                            "count": 1,
                            "mode": "merge",
                            "id": "config.xml"
                        }
                    ],
                    "NSPhotoLibraryAddUsageDescription": [
                        {
                            "xml": "<string>need to photo library access to save pictures there</string>",
                            "count": 1,
                            "mode": "merge",
                            "id": "config.xml"
                        }
                    ]
                }
            }
        }
    },
    "installed_plugins": {},
    "dependent_plugins": {}
}